variante_original,materia_final,numero_de_preguntas,dudosa
Alergología,Alergología,19,no
Anatomía,Anatomía,28,no
Anatomía Patológica,Anatomía Patológica,4,no
Anestesia,Anestesiología,79,no
Anestesiología,Anestesiología,5,no
Angiología,Angiología,3,no
Biología Celular,Biología Celular,8,no
Biología celular,Biología Celular,4,no
Biología Molecular,Biología Molecular,8,no
Bioquímica,Bioquímica,28,no
Bioética,Bioética,48,no
Cardiología,Cardiología,1059,no
Cardio,Cardiología,1,no
Cardiología Pediátrica,Cardiología Pediátrica,1,no
Cirugía,Cirugía,810,no
Cirugía Cardiaca,Cirugía Cardiaca,1,no
Cirugía Cardiovascular,Cirugía Cardiovascular,1,no
Cirugía Digestiva,Cirugía Digestiva,1,no
Cirugía General,Cirugía General,448,no
Cirugía general,Cirugía General,14,no
Cx general,Cirugía General,1,no
Cirugía General -,Cirugía General,1,no
Cirugía Maxilofacial,Cirugía Maxilofacial,5,no
Cirugía Pediátrica,Cirugía Pediátrica,3,no
Cirugía Torácica,Cirugía Torácica,13,no
Cirugía torácica,Cirugía Torácica,1,no
Cirugía Vascular,Cirugía Vascular,53,no
Cirugía vascular,Cirugía Vascular,4,no
Cirugía de Emergencias,Cirugía de Emergencias,1,no
Cirugía de Trauma,Cirugía de Trauma,3,no
Medicina Paliativa,Cuidados Paliativos,2,no
Cuidados Paliativos,Cuidados Paliativos,2,no
Cuidado Paliativo,Cuidados Paliativos,1,no
Legal,DUDOSA,12,sí
Síndrome de ASIA,DUDOSA,10,sí
Medicina Histórica,DUDOSA,10,sí
Literatura,DUDOSA,9,sí
Derecho,DUDOSA,9,sí
VIH,DUDOSA,9,sí
Emergencias,DUDOSA,8,sí
Trauma,DUDOSA,6,sí
Geografía,DUDOSA,5,sí
Derecho Médico,DUDOSA,5,sí
Música,DUDOSA,4,sí
Patología,DUDOSA,4,sí
Vascular,DUDOSA,3,sí
Vacunas,DUDOSA,3,sí
Ciclo Celular,DUDOSA,3,sí
Medicina de Emergencias,DUDOSA,2,sí
Arte,DUDOSA,2,sí
Cultura y Sociedad,DUDOSA,2,sí
HLH,DUDOSA,2,sí
Críticos,DUDOSA,2,sí
Electrolitos,DUDOSA,1,sí
Economía de la Salud,DUDOSA,1,sí
Respiratorio,DUDOSA,1,sí
Botánica,DUDOSA,1,sí
Fauna Colombiana,DUDOSA,1,sí
Crítica,DUDOSA,1,sí
Terminal,DUDOSA,1,sí
TBC,DUDOSA,1,sí
Osteoporosis,DUDOSA,1,sí
Músculoesquel,DUDOSA,1,sí
Reanimación,DUDOSA,1,sí
Malaria,DUDOSA,1,sí
Emergencia,DUDOSA,1,sí
ETS,DUDOSA,1,sí
Dermatología,Dermatología,158,no
Electrofisiología,Electrofisiología,2,no
Embriología,Embriología,4,no
Endocrinología,Endocrinología,569,no
Metabolismo,Endocrinología,12,no
Endocrino,Endocrinología,2,no
Epidemiología,Epidemiología,109,no
Estadística,Epidemiología,4,no
Farmacología,Farmacología,52,no
Fisiología,Fisiología,57,no
Fisiología del músculo,Fisiología,1,no
Fisiología respiratoria,Fisiología,1,no
Fisiología Renal,Fisiología,1,no
Flebolinfología,Flebolinfología,1,no
Flebología,Flebología,1,no
Gastroenterología,Gastroenterología,576,no
Gastro,Gastroenterología,2,no
Genética,Genética,38,no
Genética médica,Genética,3,no
Genética Médica,Genética,2,no
Geriatría,Geriatría,16,no
Ginecología,Ginecología,579,no
inecología,Ginecología,1,no
Gineco-oncología,Ginecología Oncológica,1,no
Ginecología Oncológica,Ginecología Oncológica,1,no
Gineco-obstetricia,Ginecología y Obstetricia,51,no
Ginecología y Obstetricia,Ginecología y Obstetricia,15,no
Obstetricia y Ginecología,Ginecología y Obstetricia,10,no
Ginecoobstetricia,Ginecología y Obstetricia,5,no
Gineco-Obstetricia,Ginecología y Obstetricia,3,no
Gineco-Obst,Ginecología y Obstetricia,1,no
Hemato-oncología,Hemato-oncología,1,no
Hematología,Hematología,212,no
Hematologia,Hematología,1,no
Hepatología,Hepatología,166,no
Histología,Histología,1,no
Infectología,Infectología,647,no
Infecciosas,Infectología,29,no
Infecciones,Infectología,7,no
Infeccioso,Infectología,3,no
Inmunología,Inmunología,33,no
Legislación Colombiana,Legislación Colombiana,11,no
Legislación Colombia,Legislación Colombiana,2,no
Legislación,Legislación Colombiana,2,no
Logopedia,Logopedia,1,no
Mamología,Mamología,19,no
Mastología,Mamología,1,no
Medicina Basada en la Evidencia,Medicina Basada en la Evidencia,3,no
Medicina Deportiva,Medicina Deportiva,5,no
Medicina General,Medicina General,10,no
Medicina general,Medicina General,1,no
Medicina Intensiva,Medicina Intensiva,42,no
UCI,Medicina Intensiva,3,no
Cuidados Críticos,Medicina Intensiva,1,no
Medicina Crítica,Medicina Intensiva,1,no
Medicina Interna,Medicina Interna,185,no
Medicina interna,Medicina Interna,24,no
Medicina del Trabajo,Medicina Laboral,1,no
Medicina Laboral,Medicina Laboral,1,no
Medicina legal,Medicina Legal,5,no
Medicina Legal,Medicina Legal,2,no
Tropical,Medicina Tropical,1,no
Medicina Tropical,Medicina Tropical,1,no
Medicina tropical,Medicina Tropical,1,no
Microbiología,Microbiología,22,no
Nefrología,Nefrología,530,no
Neonatología,Neonatología,59,no
Neumología,Neumología,461,no
Neumo,Neumología,3,no
Neuroanatomía,Neuroanatomía,1,no
Neurociencia,Neurociencias,2,no
Neurociencias,Neurociencias,1,no
Neurocirugía,Neurocirugía,51,no
Neurología,Neurología,689,no
Neuro,Neurología,4,no
Neurología Pediátrica,Neurología Pediátrica,1,no
Neuropsicología,Neuropsicología,1,no
Neurotrauma,Neurotrauma,1,no
Nutrición,Nutrición,8,no
Obstetricia,Obstetricia,122,no
Oftalmología,Oftalmología,165,no
Oftalmología Pediátrica,Oftalmología Pediátrica,2,no
Oncología,Oncología,424,no
Oncológico,Oncología,1,no
Oncología Pediátrica,Oncología Pediátrica,1,no
Ortopedia,Ortopedia,309,no
Cirugía Ortopédica,Ortopedia,1,no
Ortopedia Pediátrica,Ortopedia Pediátrica,2,no
Osteología,Osteología,2,no
Otorrinolaringología,Otorrinolaringología,79,no
Otorrino,Otorrinolaringología,1,no
ORL,Otorrinolaringología,1,no
Parasitología,Parasitología,2,no
Pediatría,Pediatría,469,no
Pediatria,Pediatría,1,no
Pedia,Pediatría,1,no
Psicología,Psicología,6,no
Psiquiatría,Psiquiatría,229,no
Radiología,Radiología,8,no
Rehabilitación,Rehabilitación,5,no
Reumatología,Reumatología,288,no
Reuma,Reumatología,3,no
Salud Materno-Perinatal,Salud Materno-Perinatal,1,no
Salud Pública,Salud Pública,85,no
Salud Publica,Salud Pública,4,no
Salud pública,Salud Pública,3,no
Medicina Preventiva,Salud Pública,2,no
Seguridad del paciente,Seguridad del paciente,5,no
Seguridad social,Seguridad social,2,no
Sin clasificar,Sin clasificar,20,no
Toxicología,Toxicología,49,no
Trasplantes,Trasplantes,15,no
Trasplante,Trasplantes,1,no
Traumatología,Traumatología,30,no
Urgencias,Urgencias,213,no
Medicina de urgencias,Urgencias,34,no
Medicina de Urgencias,Urgencias,31,no
Uroginecología,Uroginecología,1,no
Urología,Urología,166,no
Ética Médica,Ética Médica,5,no
Ética médica,Ética Médica,1,no
